Name,Date,Event Type,Location,Occurence,Address,URL,Created time,Repeats
Opera night: The Elixir of Love,"October 9, 2026 → October 17, 2026","Theater, Live music",Dallas,Temporary,Winspear Opera House,https://dallasopera.org,"September 24, 2026 8:13 AM",
Vinyl record show,"October 17, 2026",Shopping,Dallas,One-Time,,https://example.com/vinyl,"September 29, 2026 9:57 AM",
Jazz album listening concert,"October 23, 2026 19:30 (CDT)",Live music,The Colony,One-Time,,https://example.com/jazz,"September 28, 2026 3:12 PM",
Art & money networking,"October 24, 2026",Networking,Dallas,One-Time,,https://example.com/art-money,"September 25, 2026 11:20 PM",
Tiny space concert,"October 25, 2026",Live music,Dallas,One-Time,"1806 S Ervay St, Dallas, TX 75215",https://example.com/tiny,"September 24, 2026 8:31 PM",
Halloween jazz at the mansion,"October 31, 2026 20:00 (CDT)",Live music,Dallas,One-Time,,https://example.com/rosewood,"September 20, 2026 1:00 PM",
Monday night jazz,"October 5, 2026 20:00 (CDT)",Live music,Dallas,Recurring,"1724 Cockrell Ave, Dallas, TX 75215",https://example.com/monday-jazz,"September 29, 2026 10:42 AM",every Monday
Board game night,"October 1, 2026",Game night,Dallas,Recurring,"2908 Greenville Ave, Dallas, TX 75206",https://example.com/games,"August 1, 2026 9:00 AM",every other Thursday
First Friday art walk,,"Art show, Outdoor",Fort Worth,Recurring,,https://example.com/art-walk,"July 1, 2026 9:00 AM",1st Friday
Cows & coffee,,Outdoor,Cleburne,Recurring,,https://example.com/cows,"June 1, 2026 9:00 AM",last Saturday
Late night at the museum,,"Museum, Live music",Dallas,Recurring,,https://example.com/late-night,"May 1, 2026 9:00 AM",3rd Friday
Horse racing season,"October 1, 2026 → October 31, 2026",Sports,Grand Prairie,Temporary,,https://example.com/racing,"September 1, 2026 9:00 AM",
African American museum: Mandela gallery,"June 13, 2026 → November 1, 2026",Museum,Dallas,Temporary,,https://example.com/mandela,"June 1, 2026 9:00 AM",
Fall festival farm,"September 26, 2026 → November 8, 2026","Outdoor, Activity",Frisco,Temporary,,https://example.com/farm,"September 24, 2026 8:09 AM",
Illusion show,"October 16, 2026 → October 17, 2026",Activity,Dallas,Temporary,Omni Dallas Hotel,https://example.com/illusion,"September 10, 2026 9:00 AM",
Dallas Museum of Art,,Museum,Dallas,Evergreen,"1717 N Harwood St, Dallas, TX 75201",https://dma.org,"August 19, 2025 10:24 AM",
Plane-watching park,,"Outdoor, Date ideas",Dallas,Evergreen,"1700 N Airfield Dr, Dallas, TX 75261",https://example.com/planes,"August 1, 2025 9:00 AM",
Retro bowling alley,,"Activity, Game night",Dallas,Evergreen,"1825 Abrams Pkwy, Dallas, TX 75214",https://example.com/bowling,"August 1, 2025 9:00 AM",
Laundromat speakeasy,,Speakeasy,Fort Worth,Evergreen,,https://example.com/speakeasy,"August 1, 2025 9:00 AM",
Bishop Arts restaurant,,Restaurant,Dallas,Evergreen,Bishop Arts,https://example.com/bishop,"August 1, 2025 9:00 AM",
2am coffee shop,,Coffee shop,Plano,Evergreen,,https://example.com/coffee,"September 16, 2025 12:17 PM",
Dessert speakeasy,,,,,,https://example.com/dessert,"September 29, 2026 6:34 PM",
